Bookname,isbn
A Life of One's Own by Joana Field,9780874771930
At a Journal Workshop by Ira Progoff,9780874776386
The New Diary,9781419723445
The Creative Journal,9780804011648
Ariadne's Thread,9780895944757
A Book of One's Own,9781886913028
The Journal Book,9781573223591
Journal to the Self,9780446390385
A Voice of Her Own,9780060287047
How to Make a Journal of Your Life by Dan Price,9781580080934
Keeping a Journal You Love by Sheila Bender,9781582970684
The Decorated Page,9781579905125
Write for Life,9781582975276
Narrative Journaling,9780982922804
The Private Life of the Diary,9780713905847
