bookname,isbn
Absolution Gap,9780575075573
Accelerando,9781841493893
Between Planets,9780450006517
By the Light of the Green Star,9780879977429
Cemetery World,9780399110719
Citizen of the Galaxy,9780140311198
The Dragon Masters,9781590192689
Dreamsnake,9780395264706
The Eye of the Heron,9780575032118
Emperors of the Twilight ,9780886775896
The Female Man,9782221037065
imperial earth ,9780345289155
One Million Tomorrows,9780575006515
The Lost Planet ,9781250056887
Under the Green Star,9780879970307
A Tale of the Ragged Mountains,9781516806348
Stranger in a Strange Land ,9780425052167
To Your Scattered Bodies Go,9780586039397
The Void Captain's Tale,9780312868253
